{"n": 256, "T": 200, "dt": 0.07, "dx": 0.39215686274509803, "mu1": 4.25, "mu2": 0.0285, "vel": 1, "start_t": 10, "change_n": 7, "run_t": 30, "run_dt": 1, "start_time": 2.8000000000000003}